{
    "dia_messstrecke_neu": {
        "current": [
            4000.0
        ],
        "geos": [
            "Parallel",
            "Messstrecke"
        ],
        "wandlers": [
            "Celsa ALO 12070 0R0",
            "Referenz Messstrecke Unbekannt"
        ],
        "duts": [
            "Rogowsikeinspeisung",
            "K3",
            "PAC1"
        ],
        "comp_mode": "Nennwert (Ideal)",
        "sync_axes": true,
        "y_limit": 2.7,
        "acc_class": 0.2,
        "show_err_bars": true,
        "custom_colors": {
            "2026_01_07-Messstrecke-4000A-0R0_sortiert.csv | K3": "#1212A1",
            "2026_01_07-Messstrecke-4000A-0R0_sortiert.csv | PAC1": "#CC2979",
            "2026_01_07-Messstrecke-4000A-0R0_sortiert.csv | Rogowsikeinspeisung": "#5AA112"
        },
        "custom_legends": {
            "2026_01_07-Messstrecke-4000A-0R0_sortiert.csv | K3": "Rogowski-Spulen | Kl. 0,2",
            "2026_01_07-Messstrecke-4000A-0R0_sortiert.csv | PAC1": "PAC 4220 | Celsa ICG 6000/5 Kl. 0,2S",
            "2026_01_07-Messstrecke-4000A-0R0_sortiert.csv | Rogowsikeinspeisung": "K-3 | Celsa ICG 6000/5 Kl. 0,2S"
        },
        "custom_titles": {
            "Gesamt\u00fcbersicht (Tab 1)": "4000 A | Messabweichung und Standardabweichung | Neuer Versuchsaufbau",
            "Scatter-Plot": "Kosten-Nutzen-Analyse",
            "Performance-Index": "4000 A | Performance Index | Neuer Versuchsaufbau",
            "Heatmap": "Fehler-Heatmap",
            "Boxplot": "Fehlerverteilung (Boxplot)",
            "Pareto": "Pareto-Analyse",
            "Radar": "Radar-Profil"
        },
        "eco_x": "Preis (\u20ac)",
        "eco_y": [
            "Fehler Niederstrom",
            "Fehler Nennstrom",
            "Fehler \u00dcberlast"
        ],
        "eco_type": "Performance-Index"
    },
    "dia_messstrecke_alt": {
        "current": [
            4000.0
        ],
        "geos": [
            "Parallel",
            "Messstrecke"
        ],
        "wandlers": [
            "Celsa ALO 12070 0R0",
            "Referenz Messstrecke Unbekannt"
        ],
        "duts": [
            "Rogowsikeinspeisung",
            "K3"
        ],
        "comp_mode": "Nennwert (Ideal)",
        "sync_axes": true,
        "y_limit": 2.7,
        "acc_class": 0.2,
        "show_err_bars": true,
        "custom_colors": {
            "2026_01_07-Messstrecke-4000A-0R0_sortiert.csv | K3": "#5AA112",
            "2026_01_07-Messstrecke-4000A-0R0_sortiert.csv | Rogowsikeinspeisung": "#1313BD"
        },
        "custom_legends": {
            "2026_01_07-Messstrecke-4000A-0R0_sortiert.csv | K3": "K-3 | Celsa ICG 6000/5 Kl. 0,2S",
            "2026_01_07-Messstrecke-4000A-0R0_sortiert.csv | Rogowsikeinspeisung": "Rogowski-Spulen | Kl. 0,2"
        },
        "custom_titles": {
            "Gesamt\u00fcbersicht (Tab 1)": "4000 A | Messabweichung und Standardabweichung | Vorheriger Versuchsaufbau",
            "Scatter-Plot": "Kosten-Nutzen-Analyse",
            "Performance-Index": "4000 A | Performance Index | Vorheriger Versuchsaufbau",
            "Heatmap": "Fehler-Heatmap",
            "Boxplot": "Fehlerverteilung (Boxplot)",
            "Pareto": "Pareto-Analyse",
            "Radar": "Radar-Profil"
        },
        "eco_x": "Preis (\u20ac)",
        "eco_y": [
            "Fehler Niederstrom",
            "Fehler Nennstrom",
            "Fehler \u00dcberlast"
        ],
        "eco_type": "Radar"
    },
    "dia_2000A": {
        "current": [
            2000.0
        ],
        "geos": [
            "Parallel",
            "Dreieck"
        ],
        "wandlers": [
            "Celsa ALO 10030 1R35",
            "Celsa ALO 8030 K 8R1",
            "MBS ASK101.4 8R1",
            "Redur 13A1030.3ffp 0R0",
            "Redur 13A1030.3ffp 8R1"
        ],
        "duts": [
            "Einspeisung",
            "Pruefling"
        ],
        "comp_mode": "Messger\u00e4t (z.B. PAC1)",
        "sync_axes": true,
        "y_limit": 3.0,
        "acc_class": 1.0,
        "show_err_bars": true,
        "custom_colors": {
            "2025_12_05_1020-Redur-13A1030.3ffp-2000A-8R1_sortiert.csv | Pruefling": "#d9772a",
            "2025_12_05_1057-Redur-13A1030.3ffp-2000A-0R0_sortiert.csv | Pruefling": "#e6863a",
            "2025_12_05_1356-Celsa-ALO_10030-2000A-1R35_sortiert.csv | Pruefling": "#2f6fb0",
            "2025_12_04_1506-Celsa-ALO_8030_K-2000A-8R1_sortiert.csv | Pruefling": "#4a8fd1",
            "2025_12_08_1219-Redur-13A1030.3ffp-2000A-8R1_sortiert.csv | Pruefling": "#c86422",
            "2025_12_08_1121-MBS-ASK101.4-2000A-8R1_sortiert.csv | Pruefling": "#2f8f4e",
            "2025_12_08_0856-Celsa-ALO_10030-2000A-1R35_sortiert.csv | Pruefling": "#6aa9e3",
            "2025_12_08_1305-Redur-13A1030.3ffp-2000A-0R0_sortiert.csv | Pruefling": "#f09a55",
            "2025_12_08_1026-Celsa-ALO_8030_K-2000A-8R1_sortiert.csv | Pruefling": "#8bbce9"
        },
        "custom_legends": {
            "2025_12_05_1020-Redur-13A1030.3ffp-2000A-8R1_sortiert.csv | Pruefling": "Redur 13A1030.3ffp | Pruefling | 8,1 \u03a9 | Parallel (2000A)",
            "2025_12_05_1057-Redur-13A1030.3ffp-2000A-0R0_sortiert.csv | Pruefling": "Redur 13A1030.3ffp | Pruefling | 0,0 \u03a9 | Parallel (2000A)",
            "2025_12_05_1356-Celsa-ALO_10030-2000A-1R35_sortiert.csv | Pruefling": "Celsa ALO 10030 | Pruefling | 1,35 \u03a9 | Parallel (2000A)",
            "2025_12_04_1506-Celsa-ALO_8030_K-2000A-8R1_sortiert.csv | Pruefling": "Celsa ALO 8030 K | Pruefling | 8,1 \u03a9 | Parallel (2000A)",
            "2025_12_08_1219-Redur-13A1030.3ffp-2000A-8R1_sortiert.csv | Pruefling": "Redur 13A1030.3ffp | Pruefling | 8,1 \u03a9 | Dreieck (2000A)",
            "2025_12_08_1121-MBS-ASK101.4-2000A-8R1_sortiert.csv | Pruefling": "MBS ASK101.4 | Pruefling | 8,1 \u03a9 | Dreieck (2000A)",
            "2025_12_08_0856-Celsa-ALO_10030-2000A-1R35_sortiert.csv | Pruefling": "Celsa ALO 10030 | Pruefling | 1,35 \u03a9 | Dreieck (2000A)",
            "2025_12_08_1305-Redur-13A1030.3ffp-2000A-0R0_sortiert.csv | Pruefling": "Redur 13A1030.3ffp | Pruefling | 0,0 \u03a9 | Dreieck (2000A)",
            "2025_12_08_1026-Celsa-ALO_8030_K-2000A-8R1_sortiert.csv | Pruefling": "Celsa ALO 8030 K | Pruefling | 8,1 \u03a9 | Dreieck (2000A)"
        },
        "custom_titles": {
            "Gesamt\u00fcbersicht (Tab 1)": "4000\u00a0A\u00a0| Fehlerkurve\u00a0| Celsa",
            "Scatter-Plot": "Kosten-Nutzen-Analyse",
            "Performance-Index": "4000 A | Performance Index | Neuer Versuchsaufbau",
            "Heatmap": "Fehler-Heatmap",
            "Boxplot": "Fehlerverteilung (Boxplot)",
            "Pareto": "Pareto-Analyse",
            "Radar": "Radar-Profil"
        },
        "eco_x": "Preis (\u20ac)",
        "eco_y": [
            "Fehler Nennstrom",
            "Fehler Niederstrom",
            "Fehler \u00dcberlast"
        ],
        "eco_type": "Performance-Index"
    },
    "dia_2000A_wandler_parallel": {
        "current": [
            2000.0
        ],
        "geos": [
            "Parallel"
        ],
        "wandlers": [
            "Celsa ALO 10030 1R35",
            "Celsa ALO 8030 K 8R1",
            "MBS ASK101.4 8R1",
            "Redur 13A1030.3ffp 8R1"
        ],
        "duts": [
            "Einspeisung",
            "Pruefling"
        ],
        "comp_mode": "Messger\u00e4t (z.B. PAC1)",
        "sync_axes": true,
        "y_limit": 4.3,
        "acc_class": 1.0,
        "show_err_bars": false,
        "custom_colors": {
            "2025_12_05_1020-Redur-13A1030.3ffp-2000A-8R1_sortiert.csv | Pruefling": "#d9772a",
            "2025_12_05_1356-Celsa-ALO_10030-2000A-1R35_sortiert.csv | Pruefling": "#2f6fb0",
            "2025_12_04_1506-Celsa-ALO_8030_K-2000A-8R1_sortiert.csv | Pruefling": "#4a8fd1"
        },
        "custom_legends": {
            "2025_12_05_1020-Redur-13A1030.3ffp-2000A-8R1_sortiert.csv | Pruefling": "Redur 13A1030.3ffp | Pruefling | 8,1 \u03a9 | Parallel (2000A)",
            "2025_12_05_1356-Celsa-ALO_10030-2000A-1R35_sortiert.csv | Pruefling": "Celsa ALO 10030 | Pruefling | 1,35 \u03a9 | Parallel (2000A)",
            "2025_12_04_1506-Celsa-ALO_8030_K-2000A-8R1_sortiert.csv | Pruefling": "Celsa ALO 8030 K | Pruefling | 8,1 \u03a9 | Parallel (2000A)"
        },
        "custom_titles": {
            "Gesamt\u00fcbersicht (Tab 1)": "2000\u00a0A\u00a0| Fehlerkurve\u00a0| Wandler parallel",
            "Scatter-Plot": "Kosten-Nutzen-Analyse",
            "Performance-Index": "4000 A | Performance Index | Wandler parallel",
            "Heatmap": "Fehler-Heatmap",
            "Boxplot": "Fehlerverteilung (Boxplot)",
            "Pareto": "Pareto-Analyse",
            "Radar": "Radar-Profil"
        },
        "eco_x": "Preis (\u20ac)",
        "eco_y": [
            "Fehler Nennstrom",
            "Fehler Niederstrom",
            "Fehler \u00dcberlast"
        ],
        "eco_type": "Performance-Index"
    },
    "2025_12_04_1415-MBS-ASK101.4-2000A-8R1": {
        "5": [
            508,
            688
        ],
        "20": [
            1141,
            1321
        ],
        "50": [
            0,
            0
        ],
        "80": [
            0,
            0
        ],
        "90": [
            0,
            0
        ],
        "100": [
            2167,
            2347
        ],
        "120": [
            2797,
            2977
        ]
    },
    "2025_12_04_1506-Celsa-ALO_8030_K-2000A-8R1": {
        "5": [
            375,
            675
        ],
        "20": [
            1000,
            1300
        ],
        "50": [
            0,
            0
        ],
        "80": [
            0,
            0
        ],
        "90": [
            0,
            0
        ],
        "100": [
            2020,
            2320
        ],
        "120": [
            2650,
            2950
        ]
    },
    "2025_12_05_1020-Redur-13A1030.3ffp-2000A-8R1": {
        "5": [
            520,
            820
        ],
        "20": [
            1188,
            1488
        ],
        "50": [
            0,
            0
        ],
        "80": [
            0,
            0
        ],
        "90": [
            0,
            0
        ],
        "100": [
            1843,
            2143
        ],
        "120": [
            2470,
            2770
        ]
    },
    "2025_12_05_1057-Redur-13A1030.3ffp-2000A-0R0": {
        "5": [
            425,
            725
        ],
        "20": [
            1066,
            1366
        ],
        "50": [
            0,
            0
        ],
        "80": [
            0,
            0
        ],
        "90": [
            0,
            0
        ],
        "100": [
            1700,
            2000
        ],
        "120": [
            2400,
            2700
        ]
    },
    "2025_12_05_1356-Celsa-ALO_10030-2000A-1R35": {
        "5": [
            450,
            750
        ],
        "20": [
            1088,
            1388
        ],
        "50": [
            0,
            0
        ],
        "80": [
            0,
            0
        ],
        "90": [
            0,
            0
        ],
        "100": [
            1950,
            2250
        ],
        "120": [
            2577,
            2877
        ]
    },
    "2025_12_10_1122-Celsa-ALO_12070_K-3000A-10R8": {
        "5": [
            441,
            741
        ],
        "20": [
            1070,
            1370
        ],
        "50": [
            1721,
            2021
        ],
        "80": [
            2356,
            2656
        ],
        "90": [
            2998,
            3298
        ],
        "100": [
            3633,
            3933
        ],
        "120": [
            4270,
            4570
        ]
    },
    "2025_12_10_1302-Celsa-ALO_12070-3000A-10R8": {
        "5": [
            530,
            710
        ],
        "20": [
            1150,
            1330
        ],
        "50": [
            1843,
            2023
        ],
        "80": [
            2477,
            2657
        ],
        "90": [
            3101,
            3281
        ],
        "100": [
            3727,
            3907
        ],
        "120": [
            4358,
            4538
        ]
    },
    "2025_12_10_1402-Celsa-ALO_12070-3000A-10R8-L2_0": {
        "5": [
            534,
            714
        ],
        "20": [
            1176,
            1356
        ],
        "50": [
            1820,
            2000
        ],
        "80": [
            2470,
            2650
        ],
        "90": [
            3100,
            3280
        ],
        "100": [
            3710,
            3890
        ],
        "120": [
            4333,
            4513
        ]
    },
    "2025_12_10_1533-Celsa-ALO_10050_K-2500A-2R8": {
        "5": [
            642,
            822
        ],
        "20": [
            1260,
            1440
        ],
        "50": [
            1880,
            2060
        ],
        "80": [
            2490,
            2670
        ],
        "90": [
            3137,
            3317
        ],
        "100": [
            3740,
            3920
        ],
        "120": [
            4356,
            4536
        ]
    },
    "2025_12_11_0812-Celsa-ALO_10030-2500A-1R35": {
        "5": [
            520,
            700
        ],
        "20": [
            1153,
            1310
        ],
        "50": [
            1765,
            1945
        ],
        "80": [
            2377,
            2557
        ],
        "90": [
            3000,
            3180
        ],
        "100": [
            3609,
            3789
        ],
        "120": [
            4220,
            4400
        ]
    },
    "2025_12_11_1000-Celsa-ALO_12070-3000A-0R0": {
        "5": [
            489,
            669
        ],
        "20": [
            1110,
            1290
        ],
        "50": [
            1750,
            1930
        ],
        "80": [
            2375,
            2555
        ],
        "90": [
            2969,
            3149
        ],
        "100": [
            3605,
            3785
        ],
        "120": [
            4226,
            4406
        ]
    },
    "2025_12_12_1406-Celsa-ALO_20060-5000A-0R0": {
        "5": [
            967,
            1147
        ],
        "20": [
            1598,
            1778
        ],
        "50": [
            2210,
            2390
        ],
        "80": [
            2857,
            3037
        ],
        "90": [
            3480,
            3660
        ],
        "100": [
            4080,
            4260
        ],
        "120": [
            4720,
            4900
        ]
    },
    "2025_12_15_0812-Celsa-ALO_E_16050_K-5000A-0R0": {
        "5": [
            590,
            770
        ],
        "20": [
            1182,
            1362
        ],
        "50": [
            1850,
            2030
        ],
        "80": [
            2474,
            2654
        ],
        "90": [
            3110,
            3290
        ],
        "100": [
            3734,
            3914
        ],
        "120": [
            4361,
            4541
        ]
    },
    "2025_12_15_0912-Redur-20A1456.5vffp-5000A-0R0": {
        "5": [
            701,
            881
        ],
        "20": [
            1305,
            1485
        ],
        "50": [
            1935,
            2115
        ],
        "80": [
            2565,
            2745
        ],
        "90": [
            3200,
            3380
        ],
        "100": [
            3820,
            4000
        ],
        "120": [
            4440,
            4620
        ]
    },
    "2025_12_16_0812-Celsa-ALO_12070_K-4000A-0R0": {
        "5": [
            520,
            700
        ],
        "20": [
            1154,
            1334
        ],
        "50": [
            1803,
            1983
        ],
        "80": [
            2430,
            2610
        ],
        "90": [
            3047,
            3227
        ],
        "100": [
            3678,
            3858
        ],
        "120": [
            4294,
            4474
        ]
    },
    "2025_12_16_1020-Celsa-ALO_12070-4000A-0R0": {
        "5": [
            764,
            944
        ],
        "20": [
            1392,
            1572
        ],
        "50": [
            2009,
            2189
        ],
        "80": [
            2620,
            2800
        ],
        "90": [
            3250,
            3430
        ],
        "100": [
            3878,
            4058
        ],
        "120": [
            4481,
            4661
        ]
    },
    "2025_12_08_0856-Celsa-ALO_10030-2000A-1R35": {
        "5": [
            550,
            730
        ],
        "20": [
            1190,
            1370
        ],
        "50": [
            0,
            0
        ],
        "80": [
            0,
            0
        ],
        "90": [
            0,
            0
        ],
        "100": [
            1820,
            2000
        ],
        "120": [
            2490,
            2670
        ]
    },
    "2025_12_08_1026-Celsa-ALO_8030_K-2000A-8R1": {
        "5": [
            660,
            840
        ],
        "20": [
            1370,
            1550
        ],
        "50": [
            0,
            0
        ],
        "80": [
            0,
            0
        ],
        "90": [
            0,
            0
        ],
        "100": [
            2010,
            2190
        ],
        "120": [
            2653,
            2833
        ]
    },
    "2025_12_08_1121-MBS-ASK101.4-2000A-8R1": {
        "5": [
            482,
            662
        ],
        "20": [
            1150,
            1330
        ],
        "50": [
            0,
            0
        ],
        "80": [
            0,
            0
        ],
        "90": [
            0,
            0
        ],
        "100": [
            2087,
            2267
        ],
        "120": [
            3647,
            3827
        ]
    },
    "2025_12_08_1219-Redur-13A1030.3ffp-2000A-8R1": {
        "5": [
            510,
            690
        ],
        "20": [
            1153,
            1333
        ],
        "50": [
            0,
            0
        ],
        "80": [
            0,
            0
        ],
        "90": [
            0,
            0
        ],
        "100": [
            1839,
            2019
        ],
        "120": [
            2750,
            2930
        ]
    },
    "2025_12_08_1305-Redur-13A1030.3ffp-2000A-0R0": {
        "5": [
            1008,
            1188
        ],
        "20": [
            1664,
            1844
        ],
        "50": [
            0,
            0
        ],
        "80": [
            0,
            0
        ],
        "90": [
            0,
            0
        ],
        "100": [
            2330,
            2510
        ],
        "120": [
            2970,
            3150
        ]
    },
    "2025_12_09_1030-Celsa-ALO_12070-3000A-10R8": {
        "5": [
            667,
            847
        ],
        "20": [
            1309,
            1489
        ],
        "50": [
            2260,
            2440
        ],
        "80": [
            2900,
            3080
        ],
        "90": [
            3550,
            3730
        ],
        "100": [
            4236,
            4416
        ],
        "120": [
            4870,
            5050
        ]
    },
    "2025_12_09_1332-Celsa-ALO_10050_K-2500A-2R8": {
        "5": [
            700,
            880
        ],
        "20": [
            1320,
            1500
        ],
        "50": [
            1961,
            2141
        ],
        "80": [
            2694,
            2874
        ],
        "90": [
            3330,
            3510
        ],
        "100": [
            4641,
            4821
        ],
        "120": [
            5250,
            5430
        ]
    },
    "2025_12_09_1535-Celsa-ALO_10030-2500A-1R35": {
        "5": [
            694,
            874
        ],
        "20": [
            1310,
            1490
        ],
        "50": [
            1948,
            2128
        ],
        "80": [
            2570,
            2750
        ],
        "90": [
            3192,
            3372
        ],
        "100": [
            3842,
            4022
        ],
        "120": [
            4450,
            4630
        ]
    },
    "2025_12_10_1009-Celsa-ALO_12070_K-3000A-10R8": {
        "5": [
            500,
            680
        ],
        "20": [
            1149,
            1329
        ],
        "50": [
            1770,
            1950
        ],
        "80": [
            2427,
            2607
        ],
        "90": [
            3045,
            3225
        ],
        "100": [
            3674,
            3854
        ],
        "120": [
            4310,
            4490
        ]
    },
    "2025_12_11_1500-Redur-20A1456.5vffp-5000A-8R1": {
        "5": [
            636,
            816
        ],
        "20": [
            1276,
            1456
        ],
        "50": [
            1902,
            2082
        ],
        "80": [
            2553,
            2733
        ],
        "90": [
            3160,
            3340
        ],
        "100": [
            3781,
            3961
        ],
        "120": [
            4428,
            4608
        ]
    },
    "2025_12_12_0820-MBS-ASK129.10-5000A-10R8": {
        "5": [
            570,
            750
        ],
        "20": [
            1230,
            1410
        ],
        "50": [
            1850,
            2030
        ],
        "80": [
            2498,
            2678
        ],
        "90": [
            3102,
            3282
        ],
        "100": [
            3736,
            3916
        ],
        "120": [
            4374,
            4554
        ]
    },
    "2025_12_12_1020-Celsa-ALO_E_16050_K-5000A-0R0": {
        "5": [
            532,
            712
        ],
        "20": [
            1160,
            1340
        ],
        "50": [
            1777,
            1957
        ],
        "80": [
            2424,
            2604
        ],
        "90": [
            3051,
            3231
        ],
        "100": [
            3676,
            3856
        ],
        "120": [
            4307,
            4487
        ]
    },
    "2025_12_12_1206-Celsa-ALO_20060-5000A-0R0": {
        "5": [
            520,
            700
        ],
        "20": [
            1140,
            1320
        ],
        "50": [
            1772,
            1952
        ],
        "80": [
            2408,
            2588
        ],
        "90": [
            3030,
            3210
        ],
        "100": [
            3659,
            3839
        ],
        "120": [
            4277,
            4457
        ]
    },
    "2025_12_16_1140-Celsa-ALO_12070-4000A-0R0": {
        "5": [
            560,
            740
        ],
        "20": [
            1191,
            1371
        ],
        "50": [
            1819,
            1999
        ],
        "80": [
            2451,
            2631
        ],
        "90": [
            3050,
            3230
        ],
        "100": [
            3671,
            3851
        ],
        "120": [
            4299,
            4479
        ]
    },
    "2025_12_16_1315-Celsa-ALO_12070_K-4000A-0R0": {
        "5": [
            934,
            1114
        ],
        "20": [
            1551,
            1731
        ],
        "50": [
            2185,
            2365
        ],
        "80": [
            2806,
            2986
        ],
        "90": [
            3440,
            3620
        ],
        "100": [
            4058,
            4238
        ],
        "120": [
            4658,
            4838
        ]
    },
    "2025_12_11_0912-Celsa-ALO_10030-2500A-1R35": {
        "5": [
            508,
            688
        ],
        "20": [
            1128,
            1308
        ],
        "50": [
            1756,
            1936
        ],
        "80": [
            2396,
            2576
        ],
        "90": [
            3006,
            3186
        ],
        "100": [
            3613,
            3793
        ],
        "120": [
            4227,
            4407
        ]
    },
    "2026_01_07-Messstrecke-4000A-0R0": {
        "5": [
            642,
            822
        ],
        "20": [
            1265,
            1445
        ],
        "50": [
            1902,
            2082
        ],
        "80": [
            2543,
            2723
        ],
        "90": [
            3156,
            3336
        ],
        "100": [
            3769,
            3949
        ],
        "120": [
            4376,
            4556
        ]
    }
}